1	5224000	5225000	1	5238000	5239000	0.07344571787142691	2.111212657236631
1	12123000	12124000	1	12210000	12211000	0.0010881110620839895	2.111212657236631
1	30803000	30804000	1	30909000	30910000	0.01717908328200759	2.599207668339954
1	44098000	44099000	1	44110000	44111000	0.016047438160628386	2.111212657236631
1	48045000	48046000	1	48055000	48056000	0.08338877633051962	2.111212657236631
1	49232000	49233000	1	49243000	49244000	0.0440853129882251	2.111212657236631
1	49460000	49461000	1	49471000	49472000	0.09433466179790108	2.111212657236631
1	49527000	49528000	1	49539000	49540000	0.021724646969532673	2.111212657236631
1	51897000	51898000	1	52002000	52003000	0.0002517064677565184	2.111212657236631
1	54531000	54532000	1	54544000	54545000	0.0911213045502618	2.111212657236631
1	55068000	55069000	1	55081000	55082000	0.080710427021075	2.111212657236631
1	55197000	55198000	1	55211000	55212000	0.052274847137198696	2.111212657236631
1	55509000	55510000	1	55525000	55526000	0.08816848258957209	2.111212657236631
1	56243000	56244000	1	56253000	56254000	0.06985227831440384	2.111212657236631
1	57434000	57435000	1	57450000	57451000	0.059213080901048994	2.111212657236631
1	58099000	58100000	1	58111000	58112000	0.027698051453794743	2.111212657236631
1	58324000	58325000	1	58335000	58336000	0.08550774582685237	2.111212657236631
1	65015000	65016000	1	65026000	65027000	0.0934484367886298	2.111212657236631
1	65866000	65867000	1	65875000	65876000	0.000775707045965468	2.111212657236631
1	66253000	66254000	1	66447000	66448000	0.029813651291565216	2.111212657236631
1	66890000	66891000	1	66901000	66902000	0.05131594026112209	2.111212657236631
1	67642000	67643000	1	67655000	67656000	0.08175460130985528	2.111212657236631
1	70550000	70551000	1	70562000	70563000	0.06591173329701822	2.111212657236631
1	70563000	70564000	1	70575000	70576000	0.07933280512881642	2.111212657236631
1	71763000	71764000	1	71778000	71779000	0.0627294256750551	2.599207668339954
1	71932000	71933000	1	71944000	71945000	0.09291084635284197	2.111212657236631
1	68119000	68120000	1	68343000	68344000	0.02370601980911488	3.2
1	68262000	68263000	1	68275000	68276000	0.06361521821271272	2.111212657236631
1	68819000	68820000	1	68833000	68834000	0.0931138666172729	2.111212657236631
1	69381000	69382000	1	69391000	69392000	0.09197546927785862	2.111212657236631
1	69603000	69604000	1	69615000	69616000	0.08026869867433221	2.111212657236631
1	76211000	76212000	1	76225000	76226000	0.042854513951622916	2.111212657236631
1	76517000	76518000	1	76526000	76527000	0.055268472116852305	2.111212657236631
1	76776000	76777000	1	76792000	76793000	0.056904560390604327	2.599207668339954
1	77189000	77190000	1	77200000	77201000	0.06597220280387758	2.111212657236631
1	77403000	77404000	1	77411000	77412000	0.02553704439535286	2.111212657236631
1	74890000	74891000	1	74900000	74901000	0.018031117164651424	2.111212657236631
1	75300000	75301000	1	75314000	75315000	0.05777193540984416	2.111212657236631
1	75404000	75405000	1	75418000	75419000	0.04436925824943934	2.599207668339954
1	84364000	84365000	1	84380000	84381000	0.08672108935358823	2.111212657236631
1	84484000	84485000	1	84498000	84499000	0.07473025033170963	2.111212657236631
1	84511000	84512000	1	84523000	84524000	0.0657662315839094	2.111212657236631
1	84576000	84577000	1	84588000	84589000	0.06114372367124222	2.111212657236631
1	85666000	85667000	1	85678000	85679000	0.025338567289878804	2.111212657236631
1	85805000	85806000	1	85818000	85819000	0.02249952354536352	2.111212657236631
1	87405000	87406000	1	87415000	87416000	0.03266142261066084	2.111212657236631
1	87898000	87899000	1	87908000	87909000	0.04273231208062381	2.111212657236631
1	88242000	88243000	1	88253000	88254000	0.0026914686004432544	2.111212657236631
1	94254000	94255000	1	94267000	94268000	0.026130051506877864	2.111212657236631
1	90468000	90469000	1	90480000	90481000	0.08465243234037526	2.111212657236631
1	91710000	91711000	1	91723000	91724000	0.09458874261316337	2.111212657236631
1	92860000	92861000	1	92993000	92994000	0.0032106800731179774	2.599207668339954
1	98843000	98844000	1	98859000	98860000	0.08282014970427042	2.599207668339954
1	99034000	99035000	1	99046000	99047000	0.08728396043363815	2.111212657236631
1	101309000	101310000	1	101351000	101352000	0.07852439430636382	2.111212657236631
1	104688000	104689000	1	104700000	104701000	0.04498913455321131	2.111212657236631
1	107782000	107783000	1	108125000	108126000	0.019464092269092483	2.111212657236631
1	109776000	109777000	1	109984000	109985000	1.156121823355148e-07	2.599207668339954
1	110205000	110206000	1	110312000	110313000	0.0011530950660652323	2.111212657236631
1	111517000	111518000	1	111529000	111530000	0.044897672451483316	2.599207668339954
1	156091000	156092000	1	156130000	156131000	0.08010260222937503	2.111212657236631
1	156385000	156386000	1	156446000	156447000	0.03502039596457496	2.599207668339954
1	159937000	159938000	1	160006000	160007000	2.438307928420702e-05	2.111212657236631
1	161348000	161349000	1	161362000	161363000	0.06975992963009554	2.111212657236631
1	158361000	158362000	1	158374000	158375000	0.03375769369985671	2.111212657236631
1	164033000	164034000	1	164048000	164049000	0.09307032838151058	2.111212657236631
1	165259000	165260000	1	165367000	165368000	0.004750425036161058	2.599207668339954
1	165292000	165293000	1	165309000	165310000	0.07448027993695024	2.111212657236631
1	165403000	165404000	1	165595000	165596000	0.00014632086250203528	3.6758347359905126
1	165409000	165410000	1	165592000	165593000	0.030430943499303326	2.599207668339954
1	165513000	165514000	1	165535000	165536000	0.04018827637103886	2.111212657236631
1	165811000	165812000	1	165824000	165825000	0.014601072154939394	2.111212657236631
1	168047000	168048000	1	168055000	168056000	0.023959841247157842	2.111212657236631
1	168891000	168892000	1	168904000	168905000	0.016411826077862433	2.111212657236631
1	169639000	169640000	1	169651000	169652000	0.051334002804699685	2.111212657236631
1	169766000	169767000	1	169778000	169779000	0.09693035277417568	2.111212657236631
1	166910000	166911000	1	167058000	167059000	0.0003227418899054828	2.111212657236631
1	167478000	167479000	1	167491000	167492000	0.08809094657590455	2.111212657236631
1	167599000	167600000	1	167687000	167688000	0.007513802276828424	2.111212657236631
1	167960000	167961000	1	167974000	167975000	0.05640697932100916	2.111212657236631
1	170401000	170402000	1	170413000	170414000	0.09517645242936776	2.111212657236631
1	171948000	171949000	1	171962000	171963000	0.056979428476123084	2.111212657236631
1	174044000	174045000	1	174061000	174062000	0.09899430370971982	2.111212657236631
1	175153000	175154000	1	175320000	175321000	3.337824779037213e-05	3.6758347359905126
1	175779000	175780000	1	175792000	175793000	0.06721447025471389	2.111212657236631
1	176094000	176095000	1	176106000	176107000	0.02384171018806816	2.111212657236631
1	176640000	176641000	1	176652000	176653000	0.0015292650287948128	2.599207668339954
1	177135000	177136000	1	177149000	177150000	0.0008607446120236917	2.111212657236631
1	177442000	177443000	1	177452000	177453000	0.07089410861535848	2.111212657236631
1	177828000	177829000	1	177844000	177845000	0.0019808436668387777	2.111212657236631
1	182305000	182306000	1	182318000	182319000	0.05981634652225654	2.111212657236631
1	182601000	182602000	1	182784000	182785000	4.219621208001456e-07	2.111212657236631
1	182859000	182860000	1	182877000	182878000	0.07360322358576515	2.599207668339954
1	179626000	179627000	1	179638000	179639000	0.0288165880328136	2.111212657236631
1	179705000	179706000	1	179815000	179816000	0.030411497604738602	2.111212657236631
1	180711000	180712000	1	180725000	180726000	0.09379899555476064	2.111212657236631
1	181189000	181190000	1	181425000	181426000	4.15806639111338e-06	2.111212657236631
1	184617000	184618000	1	184631000	184632000	0.0867463459151231	2.111212657236631
1	185451000	185452000	1	185468000	185469000	0.09266323558433773	2.111212657236631
1	186453000	186454000	1	186465000	186466000	0.09714090786874596	2.111212657236631
1	187685000	187686000	1	187697000	187698000	0.09714090786874596	2.111212657236631
1	192093000	192094000	1	192103000	192104000	0.002335663430672208	2.599207668339954
1	193904000	193905000	1	193917000	193918000	0.05027013276606248	2.111212657236631
1	194028000	194029000	1	194037000	194038000	0.01586035376232115	2.599207668339954
1	198801000	198802000	1	198813000	198814000	0.02952054993713102	2.111212657236631
1	199284000	199285000	1	199308000	199309000	0.0917549474019866	2.111212657236631
1	199319000	199320000	1	199335000	199336000	0.069666192976534	2.111212657236631
1	199374000	199375000	1	199387000	199388000	0.04626141364788776	2.111212657236631
1	200387000	200388000	1	200404000	200405000	0.08761410119766806	2.599207668339954
1	201210000	201211000	1	201219000	201220000	0.07277672804866732	2.111212657236631
1	201254000	201255000	1	201361000	201362000	0.0005292629914195447	3.2
1	201258000	201259000	1	201349000	201350000	0.008311338539346538	2.111212657236631
1	201559000	201560000	1	201700000	201701000	0.0036210222640590773	3.2
1	205920000	205921000	1	205976000	205977000	0.08930460739933448	2.599207668339954
1	202001000	202002000	1	202119000	202120000	0.016476122327224008	2.599207668339954
1	203524000	203525000	1	203536000	203537000	0.09056377119309628	2.111212657236631
1	206634000	206635000	1	206666000	206667000	0.09900915577364777	2.111212657236631
1	207772000	207773000	1	207784000	207785000	0.007134251950333664	2.111212657236631
1	208536000	208537000	1	208552000	208553000	0.045292648620922075	2.111212657236631
1	208609000	208610000	1	208621000	208622000	0.0978956570803578	2.111212657236631
1	208766000	208767000	1	208779000	208780000	0.020089074475803433	2.111212657236631
1	208774000	208775000	1	208789000	208790000	0.09354853309819444	2.111212657236631
1	208858000	208859000	1	208868000	208869000	0.05398444551146638	2.111212657236631
1	209322000	209323000	1	209334000	209335000	0.05689071185923281	2.111212657236631
1	209730000	209731000	1	209743000	209744000	0.04823200031868895	2.111212657236631
1	210434000	210435000	1	210443000	210444000	0.0001103802181369462	2.111212657236631
1	210864000	210865000	1	210871000	210872000	0.0901467179446903	2.111212657236631
1	211022000	211023000	1	211032000	211033000	0.024372249277128277	2.111212657236631
1	214215000	214216000	1	214331000	214332000	0.00013785978109111713	2.599207668339954
1	214858000	214859000	1	214869000	214870000	9.991747377480209e-06	2.111212657236631
1	213461000	213462000	1	213475000	213476000	0.06347061670157822	2.599207668339954
1	213589000	213590000	1	213602000	213603000	0.050214605373289714	2.111212657236631
1	213761000	213762000	1	213777000	213778000	0.09999389024742707	2.111212657236631
1	217484000	217485000	1	217500000	217501000	0.09868314407578238	2.111212657236631
1	220114000	220115000	1	220126000	220127000	0.04457526058950676	2.111212657236631
1	218144000	218145000	1	218160000	218161000	0.036987828768577334	2.111212657236631
1	219211000	219212000	1	219223000	219224000	0.039312416113342845	2.111212657236631
1	222127000	222128000	1	222138000	222139000	0.003768188241753795	2.111212657236631
1	222198000	222199000	1	222208000	222209000	0.01625132822070363	2.111212657236631
1	222764000	222765000	1	222780000	222781000	0.0174975567129855	2.111212657236631
1	223306000	223307000	1	223318000	223319000	0.00849414042108709	2.111212657236631
1	224211000	224212000	1	224223000	224224000	0.048505098223894975	2.111212657236631
1	225241000	225242000	1	225252000	225253000	0.014188207339532735	2.111212657236631
1	225669000	225670000	1	225682000	225683000	0.01851106890588995	2.111212657236631
1	225720000	225721000	1	225734000	225735000	0.0589299238057355	2.111212657236631
1	225789000	225790000	1	225798000	225799000	0.023043361897457593	2.111212657236631
1	225847000	225848000	1	225862000	225863000	0.08220971143012326	2.111212657236631
1	228883000	228884000	1	228892000	228893000	0.05201030637124145	2.111212657236631
1	233806000	233807000	1	233819000	233820000	0.04674200735674107	2.111212657236631
1	237596000	237597000	1	237605000	237606000	0.009566171957677498	2.111212657236631
1	234985000	234986000	1	234996000	234997000	0.09225093828306562	2.111212657236631
1	235278000	235279000	1	235294000	235295000	0.09164516102175507	2.111212657236631
1	238208000	238209000	1	238218000	238219000	0.001052938539524595	2.111212657236631
1	238688000	238689000	1	238700000	238701000	0.0416379383649912	2.111212657236631
1	241244000	241245000	1	241257000	241258000	0.045545800861855536	2.111212657236631
1	244350000	244351000	1	244362000	244363000	0.09472994169376686	2.111212657236631
1	244385000	244386000	1	244398000	244399000	0.09058857641639216	2.111212657236631
1	244578000	244579000	1	244590000	244591000	0.059681366900942265	2.111212657236631
1	244602000	244603000	1	244798000	244799000	0.001074640450168196	2.599207668339954
10	7445000	7446000	10	7459000	7460000	0.09174773914741502	2.111212657236631
10	1276000	1277000	10	1290000	1291000	0.059800089433763005	2.111212657236631
10	1340000	1341000	10	1351000	1352000	0.05716590832365854	2.111212657236631
10	13249000	13250000	10	13259000	13260000	0.08088283389831608	2.111212657236631
10	13688000	13689000	10	13701000	13702000	0.09785879703081964	2.111212657236631
10	22876000	22877000	10	22890000	22891000	0.016335549874358847	2.599207668339954
10	25141000	25142000	10	25155000	25156000	0.09704294418417629	2.111212657236631
10	51756000	51757000	10	51767000	51768000	0.07264950906528606	2.111212657236631
10	51848000	51849000	10	51860000	51861000	0.04296149474224887	2.111212657236631
10	51858000	51859000	10	51871000	51872000	0.08951705523654226	2.111212657236631
10	52097000	52098000	10	52108000	52109000	0.0973425040549419	2.111212657236631
10	52462000	52463000	10	52475000	52476000	0.03612353485243682	2.111212657236631
10	52513000	52514000	10	52531000	52532000	0.07605712560043126	2.111212657236631
10	52576000	52577000	10	52587000	52588000	0.04138215859490412	2.111212657236631
10	62629000	62630000	10	62642000	62643000	0.023406090297132226	2.111212657236631
10	63677000	63678000	10	63690000	63691000	0.06959490812391726	2.111212657236631
10	68851000	68852000	10	68863000	68864000	0.039501941762083784	2.111212657236631
10	69670000	69671000	10	69684000	69685000	0.07070827805707229	2.111212657236631
10	72172000	72173000	10	72185000	72186000	0.03192300109326801	2.111212657236631
10	72756000	72757000	10	72767000	72768000	0.09928587961176472	2.111212657236631
10	66472000	66473000	10	66483000	66484000	0.07702609620215806	2.111212657236631
10	78606000	78607000	10	78618000	78619000	0.07552866201989841	2.111212657236631
10	78637000	78638000	10	78649000	78650000	0.06139669452512847	2.111212657236631
10	90422000	90423000	10	90433000	90434000	0.04887943156164448	2.111212657236631
10	93377000	93378000	10	93481000	93482000	0.001454994422122474	3.2
10	104555000	104556000	10	104570000	104571000	0.0691225966714665	2.111212657236631
10	103712000	103713000	10	103858000	103859000	0.054119397980933875	2.111212657236631
10	106325000	106326000	10	106340000	106341000	0.096204144958292	2.111212657236631
10	106531000	106532000	10	106545000	106546000	0.07949177789748936	2.111212657236631
10	112884000	112885000	10	112898000	112899000	0.05557479440981305	2.111212657236631
10	112978000	112979000	10	112993000	112994000	0.08955529528971763	2.111212657236631
10	113289000	113290000	10	113304000	113305000	0.04140149541348282	2.111212657236631
10	113619000	113620000	10	113635000	113636000	0.08873992971673811	2.111212657236631
10	113750000	113751000	10	113765000	113766000	0.02746354515718755	2.599207668339954
10	108483000	108484000	10	108497000	108498000	0.07263760878306773	2.111212657236631
10	109490000	109491000	10	109502000	109503000	0.062470392305797255	2.111212657236631
10	110349000	110350000	10	110367000	110368000	0.07573791933937576	2.111212657236631
10	110693000	110694000	10	110706000	110707000	0.08964288866075384	2.111212657236631
10	111242000	111243000	10	111252000	111253000	0.0011856902985444226	2.111212657236631
10	111431000	111432000	10	111439000	111440000	0.0010810172975160763	2.111212657236631
10	120626000	120627000	10	120639000	120640000	0.06341766895809277	2.111212657236631
10	116023000	116024000	10	116035000	116036000	0.09072888250217223	2.111212657236631
10	116450000	116451000	10	116461000	116462000	0.015255204873635022	2.111212657236631
10	116796000	116797000	10	117177000	117178000	0.001943215024606656	2.111212657236631
10	117275000	117276000	10	117288000	117289000	0.0847391520270313	2.599207668339954
10	127907000	127908000	10	128011000	128012000	0.004810624745379585	2.599207668339954
10	123678000	123679000	10	123691000	123692000	0.07071792755598176	2.111212657236631
10	129996000	129997000	10	130007000	130008000	0.08834729444898035	2.111212657236631
11	1892000	1893000	11	1916000	1917000	0.0	2.111212657236631
11	1909000	1910000	11	1938000	1939000	0.09191692850937824	2.2627416997969525
11	4946000	4947000	11	4956000	4957000	0.011394912574415368	2.111212657236631
11	6059000	6060000	11	6071000	6072000	0.01431514584872191	2.111212657236631
11	7045000	7046000	11	7058000	7059000	0.08136497134525508	2.599207668339954
11	17382000	17383000	11	17505000	17506000	0.0965398152456468	2.111212657236631
11	12048000	12049000	11	12281000	12282000	5.7073342397295786e-05	2.111212657236631
11	20916000	20917000	11	20930000	20931000	0.05579295315007043	2.111212657236631
11	22052000	22053000	11	22064000	22065000	0.09933116855967508	2.111212657236631
11	23316000	23317000	11	23326000	23327000	0.08789810589622739	2.111212657236631
11	30498000	30499000	11	30512000	30513000	0.05951747103638121	2.111212657236631
11	27993000	27994000	11	28008000	28009000	0.061376973061294325	2.111212657236631
11	29132000	29133000	11	29143000	29144000	0.09765151501135491	2.111212657236631
11	32052000	32053000	11	32172000	32173000	0.005441269782676848	2.599207668339954
11	36702000	36703000	11	36746000	36747000	0.00784023305177674	2.111212657236631
11	36911000	36912000	11	36924000	36925000	0.09003930853850114	2.111212657236631
11	34176000	34177000	11	34359000	34360000	0.013000224338009831	2.599207668339954
11	35017000	35018000	11	35028000	35029000	0.0690621492214917	2.111212657236631
11	44557000	44558000	11	44617000	44618000	0.002673730851530942	2.599207668339954
11	44561000	44562000	11	44617000	44618000	0.03765682738608929	2.111212657236631
11	44935000	44936000	11	45106000	45107000	0.0007492308628949472	2.111212657236631
11	45496000	45497000	11	45508000	45509000	0.02976595223321852	2.111212657236631
11	45507000	45508000	11	45520000	45521000	0.06658594345551234	2.111212657236631
11	70501000	70502000	11	70514000	70515000	0.0655309534772627	2.111212657236631
11	76478000	76479000	11	76491000	76492000	0.09377693801181844	2.111212657236631
11	79097000	79098000	11	79109000	79110000	0.09779526115293702	2.111212657236631
11	75445000	75446000	11	75532000	75533000	0.024612293569000677	2.111212657236631
11	81872000	81873000	11	81889000	81890000	0.048381049609375754	2.111212657236631
11	87777000	87778000	11	87795000	87796000	0.07497498524666708	2.111212657236631
11	87796000	87797000	11	87808000	87809000	0.053133633333647026	2.111212657236631
11	101924000	101925000	11	101937000	101938000	0.09979103029716493	2.111212657236631
11	102173000	102174000	11	102189000	102190000	0.09130725555555094	2.111212657236631
11	104194000	104195000	11	104205000	104206000	1.5113164213431673e-06	2.111212657236631
11	105462000	105463000	11	105475000	105476000	0.07369224112680106	2.599207668339954
11	106839000	106840000	11	106853000	106854000	0.07671612943090407	2.111212657236631
11	110201000	110202000	11	110368000	110369000	0.0008634756405007197	2.599207668339954
11	111061000	111062000	11	111075000	111076000	0.07342394787187034	2.111212657236631
11	111336000	111337000	11	111350000	111351000	0.07571611988370838	2.599207668339954
11	111603000	111604000	11	111774000	111775000	0.008076841160167826	2.599207668339954
11	117241000	117242000	11	117251000	117252000	0.024554385909996937	2.111212657236631
11	117653000	117654000	11	117666000	117667000	0.08156543168991397	2.111212657236631
11	120236000	120237000	11	120300000	120301000	0.0004263281614256265	2.111212657236631
11	118271000	118272000	11	118283000	118284000	0.0725600236631942	2.111212657236631
11	122339000	122340000	11	122355000	122356000	0.06934595339000844	2.111212657236631
11	123066000	123067000	11	123079000	123080000	0.05334983971174985	2.111212657236631
11	123112000	123113000	11	123244000	123245000	0.020023148543718075	3.2
11	129808000	129809000	11	129821000	129822000	0.0073166883386072785	2.111212657236631
11	125922000	125923000	11	126192000	126193000	0.0072191517563307776	2.599207668339954
11	127538000	127539000	11	127550000	127551000	0.08481008052760908	2.111212657236631
11	130244000	130245000	11	130254000	130255000	0.036506812707973624	2.111212657236631
11	130434000	130435000	11	130861000	130862000	3.4951335067812117e-06	3.6758347359905126
11	131162000	131163000	11	131174000	131175000	0.08275474634833263	2.111212657236631
11	135016000	135017000	11	135027000	135028000	0.09400628067912858	2.599207668339954
11	133125000	133126000	11	133140000	133141000	0.09600679114396665	2.111212657236631
11	133493000	133494000	11	133504000	133505000	0.06944206169384742	2.111212657236631
11	133971000	133972000	11	133986000	133987000	0.05812684799159677	2.111212657236631
12	14572000	14573000	12	14586000	14587000	0.02986514884511145	2.111212657236631
12	46896000	46897000	12	46915000	46916000	2.0447323001437925e-07	2.111212657236631
12	53703000	53704000	12	53745000	53746000	0.07231741588736378	2.111212657236631
12	67189000	67190000	12	67201000	67202000	0.07519174548828111	2.111212657236631
12	70776000	70777000	12	70788000	70789000	0.07988513226077984	2.111212657236631
12	96662000	96663000	12	96674000	96675000	0.024518822148648024	2.111212657236631
13	20598000	20599000	13	20611000	20612000	0.010173278768942504	2.111212657236631
13	20670000	20671000	13	20679000	20680000	0.09678545971073574	2.111212657236631
13	20845000	20846000	13	20855000	20856000	0.006044260841205351	2.111212657236631
13	21315000	21316000	13	21333000	21334000	0.07694951801144294	2.599207668339954
13	21412000	21413000	13	21432000	21433000	0.08840961471303602	2.111212657236631
13	21571000	21572000	13	21582000	21583000	0.07842267256589588	2.111212657236631
13	21918000	21919000	13	21931000	21932000	0.07645928247934618	2.599207668339954
13	22612000	22613000	13	22623000	22624000	0.07498542623714953	2.111212657236631
13	23382000	23383000	13	23396000	23397000	0.09000339808612227	2.111212657236631
13	24020000	24021000	13	24220000	24221000	0.03251900755322298	2.599207668339954
13	24051000	24052000	13	24220000	24221000	0.08070883203299263	2.111212657236631
13	24985000	24986000	13	24999000	25000000	0.08947194157639331	2.111212657236631
13	26984000	26985000	13	27358000	27359000	8.274370430516598e-05	3.6758347359905126
13	27069000	27070000	13	27082000	27083000	0.021063979448208925	2.111212657236631
13	30214000	30215000	13	30224000	30225000	0.0013190010957222127	2.111212657236631
13	30931000	30932000	13	30948000	30949000	0.005673609518638952	2.111212657236631
13	31235000	31236000	13	31427000	31428000	0.04148022337789124	2.111212657236631
13	31237000	31238000	13	31422000	31423000	0.01633064071511155	2.111212657236631
13	31603000	31604000	13	31614000	31615000	0.005673609518638952	2.111212657236631
13	29194000	29195000	13	29203000	29204000	3.694460590727052e-05	2.111212657236631
13	32000000	32001000	13	32012000	32013000	0.015662966444396877	2.111212657236631
13	32602000	32603000	13	32614000	32615000	0.09847330320831561	2.111212657236631
13	32703000	32704000	13	32717000	32718000	0.00581580538788483	2.111212657236631
13	65547000	65548000	13	65560000	65561000	0.0934690929854084	2.111212657236631
13	80674000	80675000	13	80684000	80685000	0.09226072287256042	2.111212657236631
14	40138000	40139000	14	40150000	40151000	0.0706403135951524	2.111212657236631
14	53697000	53698000	14	53710000	53711000	0.047418211164156995	2.111212657236631
14	50249000	50250000	14	50261000	50262000	0.0021244036895323726	2.599207668339954
14	63229000	63230000	14	63240000	63241000	0.07617555873064155	2.111212657236631
14	69584000	69585000	14	69727000	69728000	0.0030071812258797848	2.111212657236631
14	76876000	76877000	14	77068000	77069000	0.0008074140588733014	2.599207668339954
14	76886000	76887000	14	76898000	76899000	0.014024525040968128	2.111212657236631
14	81268000	81269000	14	81454000	81455000	0.0007441342094338665	2.599207668339954
14	81748000	81749000	14	81762000	81763000	0.04813771475428435	2.111212657236631
14	79636000	79637000	14	79649000	79650000	0.036474475868491285	3.2
15	41159000	41160000	15	41172000	41173000	0.05187862152102148	2.599207668339954
15	41989000	41990000	15	42057000	42058000	0.012297517700979232	2.599207668339954
15	55247000	55248000	15	55261000	55262000	0.08571356320256839	2.111212657236631
15	74634000	74635000	15	74768000	74769000	0.005754739210326239	2.599207668339954
15	86433000	86434000	15	86447000	86448000	0.095829450913252	2.111212657236631
15	86722000	86723000	15	86731000	86732000	2.952205562821381e-05	2.111212657236631
15	89246000	89247000	15	89258000	89259000	0.06494734803685716	2.111212657236631
15	89358000	89359000	15	89431000	89432000	3.6886641954891886e-05	2.111212657236631
15	90614000	90615000	15	90626000	90627000	0.08882731199607695	2.111212657236631
15	90802000	90803000	15	90811000	90812000	0.03832964740900964	2.111212657236631
15	91603000	91604000	15	91613000	91614000	0.06510002471195904	2.111212657236631
15	92617000	92618000	15	92630000	92631000	0.062152175394757064	2.111212657236631
15	92836000	92837000	15	92850000	92851000	0.014904045339704916	2.111212657236631
15	96380000	96381000	15	96393000	96394000	0.03159519259537558	2.111212657236631
15	94846000	94847000	15	94860000	94861000	0.086641921089139	2.599207668339954
15	95620000	95621000	15	95629000	95630000	0.086641921089139	2.111212657236631
15	100548000	100549000	15	100558000	100559000	0.03868284568402409	2.111212657236631
15	101464000	101465000	15	101476000	101477000	0.02070236637425224	2.111212657236631
15	98328000	98329000	15	98345000	98346000	0.08712428079522032	3.2
15	98367000	98368000	15	98387000	98388000	0.06941435117954882	2.111212657236631
16	13255000	13256000	16	13267000	13268000	0.04860483033008573	2.111212657236631
17	33707000	33708000	17	33718000	33719000	0.03972912835699279	2.111212657236631
17	28495000	28496000	17	28540000	28541000	0.012000882516365042	2.111212657236631
17	66520000	66521000	17	66532000	66533000	0.035905975412880715	2.111212657236631
17	73254000	73255000	17	73370000	73371000	0.007923394130617878	3.2
17	74379000	74380000	17	74457000	74458000	0.00032142520233824357	3.6758347359905126
18	24278000	24279000	18	24290000	24291000	0.027836526987997347	2.111212657236631
18	25332000	25333000	18	25344000	25345000	0.08973779492957744	2.111212657236631
18	25707000	25708000	18	25720000	25721000	0.005121866085503801	2.111212657236631
2	16614000	16615000	2	16756000	16757000	0.004476427027460853	3.2
2	21086000	21087000	2	21099000	21100000	0.07231587101923402	2.111212657236631
2	21713000	21714000	2	21725000	21726000	0.09641265287681772	2.111212657236631
2	122187000	122188000	2	122199000	122200000	0.05288832055684561	2.111212657236631
2	124467000	124468000	2	124478000	124479000	0.051182814592630806	2.111212657236631
2	138751000	138752000	2	138764000	138765000	0.04539061395928273	2.111212657236631
2	167487000	167488000	2	167501000	167502000	0.047899325650557774	2.111212657236631
2	207553000	207554000	2	207564000	207565000	0.012018711153466352	2.111212657236631
2	208607000	208608000	2	208620000	208621000	0.061796485635710406	2.111212657236631
2	210584000	210585000	2	210596000	210597000	0.07023906078331206	2.111212657236631
2	211489000	211490000	2	211501000	211502000	0.046047759558664504	2.111212657236631
2	211818000	211819000	2	211831000	211832000	0.084341528156543	2.111212657236631
2	216519000	216520000	2	216666000	216667000	2.3147734529493924e-05	3.2
2	217787000	217788000	2	217886000	217887000	0.07245120404056679	3.2
2	220016000	220017000	2	220026000	220027000	0.04998199099305098	2.111212657236631
2	223994000	223995000	2	224282000	224283000	0.003680773209649012	2.111212657236631
2	225473000	225474000	2	225485000	225486000	0.09960901396078037	2.111212657236631
20	33946000	33947000	20	33960000	33961000	0.09732491237965277	2.599207668339954
20	57235000	57236000	20	57247000	57248000	0.03746682677825553	2.111212657236631
20	57515000	57516000	20	57594000	57595000	0.0012041838208779404	2.599207668339954
20	57918000	57919000	20	57930000	57931000	0.028402154780362815	2.111212657236631
20	49980000	49981000	20	50070000	50071000	0.04102762207454112	2.599207668339954
3	112684000	112685000	3	112696000	112697000	0.04495317728013671	2.111212657236631
3	116660000	116661000	3	116673000	116674000	0.09012189109830102	2.111212657236631
3	118718000	118719000	3	118732000	118733000	0.04460898132841964	2.111212657236631
3	119918000	119919000	3	119929000	119930000	0.06593488182221352	2.111212657236631
3	122825000	122826000	3	122837000	122838000	0.018716135796057458	2.111212657236631
3	130759000	130760000	3	130893000	130894000	0.0067996360321102	2.111212657236631
3	131249000	131250000	3	131264000	131265000	0.0067996360321102	2.111212657236631
3	131773000	131774000	3	131788000	131789000	0.03581927409980617	2.111212657236631
3	132152000	132153000	3	132164000	132165000	0.08451470320029554	2.111212657236631
3	132254000	132255000	3	132343000	132344000	0.0019436466858401417	4.222425314473262
3	132429000	132430000	3	132442000	132443000	0.019008315279718704	2.111212657236631
3	132435000	132436000	3	132449000	132450000	0.08291721225508691	2.111212657236631
3	132733000	132734000	3	132743000	132744000	0.016576482750790593	2.111212657236631
3	132913000	132914000	3	132927000	132928000	0.02972059228537388	2.111212657236631
3	132922000	132923000	3	132940000	132941000	0.018019262620942517	2.111212657236631
3	133040000	133041000	3	133378000	133379000	0.06643795690157309	2.111212657236631
3	133091000	133092000	3	133104000	133105000	0.05717965769895476	2.111212657236631
3	133189000	133190000	3	133202000	133203000	0.06964599541704543	2.111212657236631
3	133739000	133740000	3	133752000	133753000	0.07375521660957586	2.111212657236631
3	133759000	133760000	3	133773000	133774000	0.06347946021542573	2.111212657236631
3	134072000	134073000	3	134088000	134089000	0.062085319912398074	2.599207668339954
3	134305000	134306000	3	134477000	134478000	0.05968191686349678	2.599207668339954
3	134307000	134308000	3	134481000	134482000	0.04171620874243418	3.6758347359905126
3	134308000	134309000	3	134469000	134470000	0.013638757170505366	2.111212657236631
3	135062000	135063000	3	135073000	135074000	0.08729382622036087	2.111212657236631
3	135340000	135341000	3	135362000	135363000	0.06026912395726842	2.599207668339954
3	135682000	135683000	3	135699000	135700000	0.05571966390703105	2.111212657236631
3	136755000	136756000	3	137013000	137014000	0.08427961615713872	2.599207668339954
3	137549000	137550000	3	137560000	137561000	0.023345732791922837	2.111212657236631
3	137657000	137658000	3	137674000	137675000	0.0754626097375755	2.111212657236631
3	137853000	137854000	3	137872000	137873000	0.05681852736940606	2.111212657236631
3	142193000	142194000	3	142207000	142208000	0.08694248655826729	2.111212657236631
3	142965000	142966000	3	142978000	142979000	0.088539408881389	2.111212657236631
3	143073000	143074000	3	143086000	143087000	0.06335526008286554	2.111212657236631
3	143179000	143180000	3	143192000	143193000	0.060374004418819745	3.2
3	143667000	143668000	3	143679000	143680000	0.05436595080929746	2.111212657236631
3	140926000	140927000	3	140937000	140938000	0.08665230274120306	2.111212657236631
3	141062000	141063000	3	141079000	141080000	0.09512412103186099	2.111212657236631
3	141247000	141248000	3	141262000	141263000	0.04367732760847636	2.111212657236631
3	144499000	144500000	3	144519000	144520000	0.05487353052272951	2.111212657236631
3	144640000	144641000	3	144656000	144657000	0.08126696046079147	2.111212657236631
3	144969000	144970000	3	144980000	144981000	0.0975395693204559	2.111212657236631
3	145970000	145971000	3	145984000	145985000	0.03067233668047963	2.111212657236631
3	148580000	148581000	3	148591000	148592000	0.07368889731450183	2.111212657236631
3	148862000	148863000	3	148943000	148944000	0.09362848759278804	3.2
3	152167000	152168000	3	152178000	152179000	0.03292748781170444	2.111212657236631
3	155062000	155063000	3	155074000	155075000	0.019532780019421	2.111212657236631
3	155430000	155431000	3	155443000	155444000	0.039859688619909045	2.111212657236631
3	155940000	155941000	3	155953000	155954000	0.08769682634589017	2.111212657236631
3	157533000	157534000	3	157572000	157573000	0.02748514281013064	2.599207668339954
3	158036000	158037000	3	158048000	158049000	0.03043888925564449	2.111212657236631
3	158183000	158184000	3	158197000	158198000	0.0976708854470043	2.599207668339954
3	160514000	160515000	3	160526000	160527000	0.07107911460710067	2.111212657236631
3	160844000	160845000	3	160854000	160855000	0.09961255197846267	2.111212657236631
3	161034000	161035000	3	161046000	161047000	0.015322219273075565	2.111212657236631
3	161274000	161275000	3	161422000	161423000	0.0008606438746106004	3.6758347359905126
3	167498000	167499000	3	167518000	167519000	0.040334958437600106	2.111212657236631
3	163567000	163568000	3	163578000	163579000	0.07398579785870944	2.111212657236631
3	163761000	163762000	3	163772000	163773000	0.013112501751405343	2.111212657236631
3	168045000	168046000	3	168165000	168166000	0.028903105430875733	2.111212657236631
3	168399000	168400000	3	168414000	168415000	0.05106904951305184	2.111212657236631
3	169409000	169410000	3	169417000	169418000	0.07982933362710523	2.111212657236631
3	169489000	169490000	3	169507000	169508000	0.05884529528111457	2.111212657236631
3	169694000	169695000	3	169706000	169707000	0.0035695545212884503	2.111212657236631
3	170107000	170108000	3	170120000	170121000	0.02039504230233131	2.111212657236631
3	170550000	170551000	3	170562000	170563000	0.03055483834757921	2.111212657236631
3	170980000	170981000	3	170993000	170994000	0.04868642074569877	2.111212657236631
3	171119000	171120000	3	171138000	171139000	0.07165130916291856	2.599207668339954
3	171364000	171365000	3	171378000	171379000	0.09384750178122825	2.111212657236631
3	171931000	171932000	3	171942000	171943000	0.03794334805475595	2.111212657236631
3	171973000	171974000	3	171987000	171988000	0.05933027894208375	2.111212657236631
3	177842000	177843000	3	177859000	177860000	0.079653092082527	2.111212657236631
3	184561000	184562000	3	184777000	184778000	0.01936573724452564	2.111212657236631
3	179164000	179165000	3	179178000	179179000	0.07827352637099434	2.111212657236631
3	180306000	180307000	3	180320000	180321000	0.07771188613910925	2.111212657236631
3	181399000	181400000	3	181411000	181412000	0.09779694427234004	2.111212657236631
3	181480000	181481000	3	181498000	181499000	0.05789516802769027	2.599207668339954
3	181492000	181493000	3	181507000	181508000	0.08040356602948964	2.111212657236631
3	181514000	181515000	3	181529000	181530000	0.03294923561781149	2.111212657236631
3	182574000	182575000	3	182588000	182589000	0.054054515673727134	2.599207668339954
3	182838000	182839000	3	182853000	182854000	0.08512400822217323	2.111212657236631
3	183184000	183185000	3	183383000	183384000	0.004313037567210687	3.2
3	183186000	183187000	3	183391000	183392000	0.08512400822217323	2.599207668339954
3	186258000	186259000	3	186540000	186541000	0.00995283406210543	2.111212657236631
3	187320000	187321000	3	187678000	187679000	0.0143577338099965	3.2
3	191668000	191669000	3	191679000	191680000	0.09584399904227939	2.111212657236631
3	192188000	192189000	3	192443000	192444000	0.0036822271070788832	2.111212657236631
3	193056000	193057000	3	193066000	193067000	0.021659428743587113	2.111212657236631
3	193156000	193157000	3	193168000	193169000	1.033857056764731e-05	2.111212657236631
3	193741000	193742000	3	193751000	193752000	0.08559401080782848	2.111212657236631
3	193779000	193780000	3	194318000	194319000	0.05733562060192657	2.111212657236631
3	195272000	195273000	3	195520000	195521000	3.043867741936435e-05	2.599207668339954
4	16534000	16535000	4	16551000	16552000	0.0965159727388148	2.111212657236631
4	18413000	18414000	4	18427000	18428000	0.08661185018393992	2.111212657236631
4	19801000	19802000	4	19813000	19814000	0.09305481107514416	2.111212657236631
4	103846000	103847000	4	103858000	103859000	0.09541058097538258	2.111212657236631
4	104503000	104504000	4	104515000	104516000	0.09256452280143355	2.111212657236631
4	109459000	109460000	4	109472000	109473000	0.09829900040679357	2.111212657236631
4	110437000	110438000	4	110447000	110448000	0.08007600891203698	2.111212657236631
4	112912000	112913000	4	112924000	112925000	0.09494011333834242	2.111212657236631
4	121771000	121772000	4	121783000	121784000	0.08669162216707493	2.111212657236631
4	159153000	159154000	4	159164000	159165000	0.08242157627097337	2.111212657236631
4	159543000	159544000	4	159555000	159556000	0.06478174036911702	2.111212657236631
4	176947000	176948000	4	176959000	176960000	0.035599392749060266	2.111212657236631
4	180369000	180370000	4	180380000	180381000	0.08770286476544296	2.111212657236631
4	178612000	178613000	4	178624000	178625000	0.0661400081731972	2.111212657236631
5	5282000	5283000	5	5298000	5299000	0.036159945599262944	2.111212657236631
5	5700000	5701000	5	5711000	5712000	0.08662626128898122	2.111212657236631
5	5993000	5994000	5	6004000	6005000	0.031197731462225597	2.111212657236631
5	16562000	16563000	5	16578000	16579000	0.0653672468723279	2.111212657236631
5	16686000	16687000	5	16697000	16698000	0.02512099283144394	2.111212657236631
5	10807000	10808000	5	10819000	10820000	0.09822703489411848	2.111212657236631
5	14021000	14022000	5	14035000	14036000	0.03191198978295516	2.111212657236631
5	14946000	14947000	5	14959000	14960000	0.09967670627067955	2.111212657236631
5	15185000	15186000	5	15198000	15199000	0.032562425068179905	2.111212657236631
5	15436000	15437000	5	15449000	15450000	0.08875554530918742	2.111212657236631
5	23017000	23018000	5	23030000	23031000	0.02422882377413994	2.111212657236631
5	23237000	23238000	5	23253000	23254000	0.029728024595433344	2.111212657236631
5	31582000	31583000	5	31809000	31810000	0.0015339918128951867	2.111212657236631
5	36446000	36447000	5	36461000	36462000	0.0860279151232916	2.111212657236631
5	36533000	36534000	5	36548000	36549000	0.06751052845092621	2.111212657236631
5	36668000	36669000	5	36681000	36682000	0.08407789157692674	2.111212657236631
5	35525000	35526000	5	35536000	35537000	0.09625103455954252	2.111212657236631
5	40857000	40858000	5	40869000	40870000	0.048099027098736875	2.111212657236631
5	56578000	56579000	5	56592000	56593000	0.08194305724379096	2.111212657236631
5	62318000	62319000	5	62330000	62331000	0.0769655259213583	2.111212657236631
5	65970000	65971000	5	65982000	65983000	0.019196426890494275	2.111212657236631
5	66096000	66097000	5	66109000	66110000	0.08935118351612199	2.111212657236631
5	66403000	66404000	5	66415000	66416000	0.04986223492290482	2.111212657236631
5	79057000	79058000	5	79070000	79071000	0.09677249468530949	2.111212657236631
5	80090000	80091000	5	80309000	80310000	0.023084496747130655	4.525483399593905
5	81788000	81789000	5	81799000	81800000	0.06819906572249138	2.111212657236631
5	76907000	76908000	5	76915000	76916000	0.08030757465315458	2.111212657236631
5	82048000	82049000	5	82057000	82058000	0.037495009392033984	2.111212657236631
5	86381000	86382000	5	86391000	86392000	0.015070164934119085	2.111212657236631
5	84640000	84641000	5	84664000	84665000	0.02199657777400906	2.111212657236631
5	91860000	91861000	5	91873000	91874000	0.06388792584640084	2.111212657236631
5	96512000	96513000	5	96529000	96530000	0.09609838781195637	2.111212657236631
5	95913000	95914000	5	95927000	95928000	0.03356790445210089	2.111212657236631
5	102369000	102370000	5	102383000	102384000	0.061755977945898696	2.599207668339954
5	102926000	102927000	5	102938000	102939000	0.02756241466949519	2.111212657236631
5	102928000	102929000	5	102946000	102947000	0.061755977945898696	2.111212657236631
5	103969000	103970000	5	103984000	103985000	0.038965681921517156	2.111212657236631
5	101067000	101068000	5	101080000	101081000	0.09945362304533857	2.111212657236631
5	101193000	101194000	5	101206000	101207000	0.09747721255908309	2.599207668339954
5	108156000	108157000	5	108168000	108169000	0.024329165292930215	2.111212657236631
5	106988000	106989000	5	107000000	107001000	0.09042476240024107	2.111212657236631
5	113561000	113562000	5	113577000	113578000	0.07579316375588663	2.599207668339954
5	114573000	114574000	5	114587000	114588000	0.08040236648995736	2.111212657236631
5	115386000	115387000	5	115400000	115401000	0.020467464778392015	2.111212657236631
5	124404000	124405000	5	124416000	124417000	0.01894952664445228	2.111212657236631
5	124421000	124422000	5	124433000	124434000	0.0699434158356362	2.599207668339954
5	128018000	128019000	5	128029000	128030000	0.07773776883739182	2.111212657236631
5	128266000	128267000	5	128279000	128280000	0.04622030181792966	2.111212657236631
5	129327000	129328000	5	129339000	129340000	0.05911513285119174	2.111212657236631
5	129486000	129487000	5	129499000	129500000	0.08914863543482615	2.111212657236631
5	126353000	126354000	5	126540000	126541000	0.015503492443148088	3.2
5	127907000	127908000	5	127919000	127920000	0.0976286276888491	2.111212657236631
5	130383000	130384000	5	130395000	130396000	0.09778099555432011	2.111212657236631
5	135778000	135779000	5	135787000	135788000	0.0008688315996458029	2.111212657236631
5	132723000	132724000	5	132734000	132735000	0.007254464722820547	2.111212657236631
5	138800000	138801000	5	138811000	138812000	0.004154237292882841	2.111212657236631
5	141702000	141703000	5	141879000	141880000	0.07686644511289997	3.6758347359905126
5	145042000	145043000	5	145055000	145056000	0.0772579986586345	2.111212657236631
5	145086000	145087000	5	145097000	145098000	0.0740656355639142	2.111212657236631
5	145394000	145395000	5	145407000	145408000	0.02798354979637072	2.111212657236631
5	145547000	145548000	5	145561000	145562000	0.08994868777579722	2.111212657236631
5	145928000	145929000	5	145940000	145941000	0.09440672461884345	2.111212657236631
5	142717000	142718000	5	142879000	142880000	0.0048590162518121795	3.2
5	142723000	142724000	5	142871000	142872000	0.02344448026942769	2.111212657236631
5	142752000	142753000	5	142880000	142881000	0.01615046199029157	2.111212657236631
5	143352000	143353000	5	143368000	143369000	0.026145495495107664	2.111212657236631
5	146483000	146484000	5	146498000	146499000	0.06565508809926637	2.111212657236631
5	150410000	150411000	5	150424000	150425000	0.0862649589629804	2.111212657236631
5	153607000	153608000	5	153621000	153622000	0.09832219107744984	2.111212657236631
5	148732000	148733000	5	149036000	149037000	0.004614081643076306	3.2
5	149590000	149591000	5	149603000	149604000	0.05412371545714003	2.111212657236631
5	149669000	149670000	5	149679000	149680000	1.420567685421481e-06	2.111212657236631
5	149734000	149735000	5	149746000	149747000	0.08295579736845406	2.111212657236631
5	149912000	149913000	5	149925000	149926000	0.03262135325011214	2.111212657236631
5	156758000	156759000	5	156771000	156772000	0.016313104157325814	2.111212657236631
5	157386000	157387000	5	157401000	157402000	0.03172993969589214	2.111212657236631
5	157844000	157845000	5	157855000	157856000	0.09949122272651947	2.111212657236631
5	154040000	154041000	5	154052000	154053000	0.07333320233749786	2.111212657236631
5	154236000	154237000	5	154247000	154248000	0.03085185590160723	2.111212657236631
5	154488000	154489000	5	154510000	154511000	0.043370768432981516	3.2
5	154886000	154887000	5	154899000	154900000	0.05925239450722564	2.599207668339954
5	155008000	155009000	5	155019000	155020000	0.05810397847518072	2.111212657236631
5	155238000	155239000	5	155257000	155258000	0.0995499219787419	2.111212657236631
5	155316000	155317000	5	155329000	155330000	0.026820199128954645	2.111212657236631
5	155345000	155346000	5	155363000	155364000	0.03828745587270815	2.599207668339954
5	160124000	160125000	5	160139000	160140000	0.07003473387668512	2.111212657236631
5	160283000	160284000	5	160299000	160300000	0.0033946619905005975	2.111212657236631
5	160550000	160551000	5	160568000	160569000	0.09948611264572102	2.111212657236631
5	160644000	160645000	5	160653000	160654000	5.6795833158910604e-05	2.111212657236631
5	158005000	158006000	5	158016000	158017000	0.02352834659626475	2.111212657236631
5	159190000	159191000	5	159204000	159205000	0.0058850873131750915	2.111212657236631
5	159222000	159223000	5	159238000	159239000	0.05852875928594112	2.111212657236631
5	159761000	159762000	5	159771000	159772000	0.0004624983698661077	2.111212657236631
5	162789000	162790000	5	162801000	162802000	0.06414734998895395	2.111212657236631
5	168352000	168353000	5	168366000	168367000	0.0945745764869346	2.111212657236631
5	169461000	169462000	5	169472000	169473000	0.04874090363116187	2.111212657236631
5	164248000	164249000	5	164261000	164262000	0.04761723292846379	2.111212657236631
5	164888000	164889000	5	164902000	164903000	0.018505139253441993	2.111212657236631
5	177340000	177341000	5	177351000	177352000	0.08988749689382233	2.111212657236631
5	172480000	172481000	5	172695000	172696000	0.00018670743081152595	3.6758347359905126
5	174217000	174218000	5	174233000	174234000	0.06807866567154963	2.111212657236631
5	170435000	170436000	5	170622000	170623000	0.022947096603023145	2.111212657236631
6	8383000	8384000	6	8394000	8395000	0.08521372319144636	2.111212657236631
6	11025000	11026000	6	11037000	11038000	0.0871417093607532	2.111212657236631
6	11897000	11898000	6	11908000	11909000	0.013155136492760637	2.111212657236631
6	16826000	16827000	6	16837000	16838000	0.073280563996328	2.111212657236631
6	17293000	17294000	6	17306000	17307000	0.03269465288450351	2.111212657236631
6	26176000	26177000	6	26189000	26190000	0.07202419243752087	2.111212657236631
6	35787000	35788000	6	35798000	35799000	0.012951140951680292	2.111212657236631
6	56160000	56161000	6	56171000	56172000	0.06761499708671939	2.111212657236631
6	53171000	53172000	6	53483000	53484000	0.022104382777155273	2.111212657236631
6	51582000	51583000	6	51592000	51593000	0.08531141324461677	2.111212657236631
6	98651000	98652000	6	98664000	98665000	0.04026381755092625	2.111212657236631
6	119171000	119172000	6	119183000	119184000	0.04574261688041354	2.111212657236631
6	120126000	120127000	6	120137000	120138000	0.0743355253058826	2.111212657236631
6	120130000	120131000	6	120144000	120145000	0.014409228571824481	2.111212657236631
6	122624000	122625000	6	122636000	122637000	0.03988604475818537	2.111212657236631
6	126148000	126149000	6	126161000	126162000	0.04204274113987583	2.111212657236631
6	133924000	133925000	6	134094000	134095000	0.003606256322944783	2.111212657236631
6	133628000	133629000	6	133641000	133642000	0.013185787065852956	2.111212657236631
7	558000	559000	7	573000	574000	0.08417776434851422	2.111212657236631
7	8332000	8333000	7	8344000	8345000	0.007355616899356314	2.111212657236631
7	9299000	9300000	7	9311000	9312000	0.04795361913607095	2.111212657236631
7	22560000	22561000	7	22728000	22729000	0.0018248566715477275	3.6758347359905126
7	24615000	24616000	7	24627000	24628000	0.06589153497353459	2.111212657236631
7	18478000	18479000	7	18491000	18492000	0.029477301844582318	2.111212657236631
7	31543000	31544000	7	31555000	31556000	0.07301595182602359	2.111212657236631
7	31552000	31553000	7	31564000	31565000	0.04554918349175284	2.111212657236631
7	26096000	26097000	7	26107000	26108000	0.07995101826577462	2.111212657236631
7	36197000	36198000	7	36208000	36209000	0.019202544523056735	2.111212657236631
7	36885000	36886000	7	36898000	36899000	0.07508615024895536	2.111212657236631
7	37997000	37998000	7	38015000	38016000	0.06630561509735809	2.111212657236631
7	38003000	38004000	7	38018000	38019000	0.0681358724431854	2.111212657236631
7	41786000	41787000	7	41801000	41802000	0.09255927708202652	2.111212657236631
7	44171000	44172000	7	44183000	44184000	0.030579572701409492	2.111212657236631
7	47063000	47064000	7	47078000	47079000	0.03212489571803556	2.111212657236631
7	68385000	68386000	7	68395000	68396000	0.0031162634256254687	2.111212657236631
7	69636000	69637000	7	69648000	69649000	0.07876198559242134	2.111212657236631
7	74274000	74275000	7	74289000	74290000	0.07650206867038567	2.111212657236631
7	74672000	74673000	7	74683000	74684000	0.09260687560237793	2.111212657236631
7	81607000	81608000	7	81620000	81621000	0.01524085575466999	2.111212657236631
7	81884000	81885000	7	81903000	81904000	0.0964258685593332	2.111212657236631
7	78185000	78186000	7	78197000	78198000	0.041503572346227584	2.111212657236631
7	78229000	78230000	7	78243000	78244000	0.0282317775378288	2.111212657236631
7	78241000	78242000	7	78258000	78259000	0.08481864932429686	2.111212657236631
7	78267000	78268000	7	78276000	78277000	0.04515621085699684	2.111212657236631
7	78607000	78608000	7	78619000	78620000	0.0816711626441045	2.111212657236631
7	78628000	78629000	7	78644000	78645000	0.04979788587303938	2.111212657236631
7	78748000	78749000	7	78763000	78764000	0.06822609728381787	2.111212657236631
7	78880000	78881000	7	78892000	78893000	3.803964511570999e-05	2.111212657236631
7	78923000	78924000	7	78933000	78934000	0.048783406882810985	2.599207668339954
7	78956000	78957000	7	78974000	78975000	0.07285871149271565	2.111212657236631
7	79092000	79093000	7	79106000	79107000	0.07895841214695683	2.599207668339954
7	79332000	79333000	7	79347000	79348000	0.08601437925356588	2.111212657236631
7	79343000	79344000	7	79358000	79359000	0.07701795757732287	2.111212657236631
7	79455000	79456000	7	79475000	79476000	0.07455296220767266	2.111212657236631
7	84317000	84318000	7	84335000	84336000	0.09891678311206395	2.111212657236631
7	84955000	84956000	7	84967000	84968000	0.05760189888682838	2.111212657236631
7	86674000	86675000	7	86687000	86688000	0.07086010347326756	2.111212657236631
7	86880000	86881000	7	86891000	86892000	0.08969338494468554	2.111212657236631
7	87314000	87315000	7	87415000	87416000	0.0034108732392700535	2.111212657236631
7	87972000	87973000	7	87986000	87987000	0.09206472183422093	2.111212657236631
7	88315000	88316000	7	88341000	88342000	0.06546928402843231	2.111212657236631
7	89820000	89821000	7	89833000	89834000	0.05807803237957337	2.111212657236631
7	92640000	92641000	7	92651000	92652000	0.09786009972270755	2.111212657236631
7	92655000	92656000	7	92676000	92677000	0.04841845966943768	2.599207668339954
7	92780000	92781000	7	92792000	92793000	0.0833396193764223	2.111212657236631
7	93020000	93021000	7	93034000	93035000	0.011494002874798154	2.111212657236631
7	93449000	93450000	7	93467000	93468000	0.027978744604365894	2.599207668339954
7	93698000	93699000	7	93710000	93711000	0.07164990991394649	2.111212657236631
7	93813000	93814000	7	93826000	93827000	0.050074506538725624	2.111212657236631
7	93905000	93906000	7	93918000	93919000	0.05938419851511493	2.111212657236631
7	94095000	94096000	7	94108000	94109000	0.0823837329004126	2.111212657236631
7	94159000	94160000	7	94167000	94168000	0.0001336749144457509	2.111212657236631
7	94732000	94733000	7	94754000	94755000	0.04956745759326712	2.111212657236631
7	95072000	95073000	7	95086000	95087000	0.0005589437153220964	2.111212657236631
7	95181000	95182000	7	95192000	95193000	0.05223095288975244	2.111212657236631
7	95512000	95513000	7	95685000	95686000	0.0021710847685218284	2.111212657236631
7	95525000	95526000	7	95686000	95687000	5.244640414657299e-07	3.6758347359905126
7	95536000	95537000	7	95685000	95686000	0.019784327975239952	2.599207668339954
7	95543000	95544000	7	95684000	95685000	0.026162173885362114	3.6758347359905126
7	96248000	96249000	7	96261000	96262000	0.07950465202738048	2.111212657236631
7	90214000	90215000	7	90229000	90230000	0.0662687693609099	2.111212657236631
7	90371000	90372000	7	90385000	90386000	0.04229377206671272	2.111212657236631
7	90654000	90655000	7	90671000	90672000	0.061127047452324966	2.111212657236631
7	90957000	90958000	7	90970000	90971000	0.009228276127113438	2.111212657236631
7	91441000	91442000	7	91457000	91458000	0.035923938849560376	2.111212657236631
7	91488000	91489000	7	91501000	91502000	0.001428548445896585	2.111212657236631
7	91649000	91650000	7	91661000	91662000	0.020281790860298105	2.111212657236631
7	91691000	91692000	7	91703000	91704000	0.09352885683325231	2.111212657236631
7	103903000	103904000	7	103920000	103921000	0.09209599713415913	2.111212657236631
7	104984000	104985000	7	104995000	104996000	0.0666566628065049	2.111212657236631
7	104993000	104994000	7	105006000	105007000	0.03416908591693389	2.111212657236631
7	105236000	105237000	7	105249000	105250000	0.053111913248443304	2.111212657236631
7	105410000	105411000	7	105420000	105421000	0.0032037385865170236	2.111212657236631
7	105706000	105707000	7	105716000	105717000	0.03905471097664149	2.111212657236631
7	105949000	105950000	7	105961000	105962000	0.05245781840134454	2.599207668339954
7	98238000	98239000	7	98250000	98251000	0.08563326744351288	2.111212657236631
7	98933000	98934000	7	98951000	98952000	0.08726620899844298	2.111212657236631
7	99221000	99222000	7	99234000	99235000	0.08509172619525844	2.111212657236631
7	108341000	108342000	7	108354000	108355000	0.022064811824739072	2.111212657236631
7	108880000	108881000	7	108896000	108897000	0.01860471688558535	2.111212657236631
7	109993000	109994000	7	110008000	110009000	0.026196429877131434	2.111212657236631
7	110359000	110360000	7	110378000	110379000	0.07549612466695015	2.111212657236631
7	110540000	110541000	7	110549000	110550000	0.002246079153954206	2.111212657236631
7	110914000	110915000	7	110928000	110929000	0.08510272398413585	2.111212657236631
7	111586000	111587000	7	111598000	111599000	0.0681965350728471	2.111212657236631
7	111597000	111598000	7	111617000	111618000	0.008296218973976395	2.111212657236631
7	111899000	111900000	7	111911000	111912000	0.07653817535745476	2.111212657236631
7	112032000	112033000	7	112050000	112051000	0.05764848579011751	2.111212657236631
7	112234000	112235000	7	112248000	112249000	0.033734836924763215	2.111212657236631
7	113960000	113961000	7	113976000	113977000	0.01866986582229926	2.111212657236631
7	106056000	106057000	7	106154000	106155000	4.6973009848461084e-07	2.599207668339954
7	106093000	106094000	7	106107000	106108000	0.09918566259190134	2.111212657236631
7	106176000	106177000	7	106463000	106464000	0.0013135580315831318	2.111212657236631
7	107042000	107043000	7	107055000	107056000	0.02169001265788334	2.599207668339954
7	107049000	107050000	7	107064000	107065000	0.07025840559804246	2.111212657236631
7	107234000	107235000	7	107247000	107248000	0.08336347602855565	2.111212657236631
7	107309000	107310000	7	107321000	107322000	0.05232102779496839	2.111212657236631
7	107380000	107381000	7	107394000	107395000	0.0629805695380246	2.111212657236631
7	107747000	107748000	7	107760000	107761000	0.06704957716576565	2.111212657236631
7	117985000	117986000	7	118004000	118005000	0.09972898320430276	2.111212657236631
7	119081000	119082000	7	119093000	119094000	0.05909028137941703	2.111212657236631
7	116178000	116179000	7	116235000	116236000	0.0003218727183370973	2.111212657236631
7	116592000	116593000	7	116810000	116811000	3.924731342680824e-05	2.111212657236631
7	116745000	116746000	7	116757000	116758000	0.00678459079018881	2.111212657236631
7	116756000	116757000	7	116769000	116770000	0.09347077716293574	2.111212657236631
7	116987000	116988000	7	117121000	117122000	0.0011710618111333317	6.4
7	116989000	116990000	7	117116000	117117000	0.07689164460232556	2.111212657236631
7	117493000	117494000	7	117503000	117504000	0.039718296587085346	2.111212657236631
7	117695000	117696000	7	117710000	117711000	0.07500901514302363	2.111212657236631
7	120990000	120991000	7	121081000	121082000	0.03134502299830219	2.111212657236631
7	121166000	121167000	7	121181000	121182000	0.07547765367685834	2.599207668339954
7	114043000	114044000	7	114053000	114054000	1.975953271617664e-05	2.111212657236631
7	114625000	114626000	7	114638000	114639000	0.09722893033059476	2.111212657236631
7	114686000	114687000	7	114701000	114702000	0.0994719394951606	2.111212657236631
7	115075000	115076000	7	115090000	115091000	0.06669480373995836	2.111212657236631
7	115108000	115109000	7	115126000	115127000	0.08443960766719007	3.2
7	115374000	115375000	7	115387000	115388000	0.0718142477130855	2.111212657236631
7	129886000	129887000	7	129897000	129898000	0.013123420386950616	2.111212657236631
7	129893000	129894000	7	129907000	129908000	0.06686030444474376	2.111212657236631
7	122561000	122562000	7	122570000	122571000	0.004257632204229332	2.111212657236631
7	122659000	122660000	7	122672000	122673000	0.046310299489537396	2.111212657236631
7	123041000	123042000	7	123056000	123057000	0.08855213338978334	2.111212657236631
7	123797000	123798000	7	123866000	123867000	0.0021326988975062075	3.6758347359905126
7	123800000	123801000	7	123860000	123861000	0.006443438205245295	2.599207668339954
7	123801000	123802000	7	123872000	123873000	0.005243874674025963	2.111212657236631
7	125320000	125321000	7	125332000	125333000	0.046908537759166674	2.111212657236631
7	125503000	125504000	7	125516000	125517000	0.06441951738771967	2.111212657236631
7	127299000	127300000	7	127311000	127312000	0.08635701733683461	2.111212657236631
7	130276000	130277000	7	130292000	130293000	0.06884276355352392	2.599207668339954
7	131376000	131377000	7	131388000	131389000	0.028905650060552887	2.599207668339954
7	131913000	131914000	7	131924000	131925000	0.0976853141555982	2.111212657236631
7	131971000	131972000	7	131982000	131983000	0.028905650060552887	2.111212657236631
7	134099000	134100000	7	134114000	134115000	1.3615982519254999e-06	2.599207668339954
7	135799000	135800000	7	136008000	136009000	0.008136818889297128	2.111212657236631
7	132101000	132102000	7	132110000	132111000	0.0970326640327943	2.111212657236631
7	133012000	133013000	7	133026000	133027000	0.09468524737350968	2.111212657236631
7	143994000	143995000	7	144006000	144007000	0.08764580239664674	2.111212657236631
7	144526000	144527000	7	144537000	144538000	0.006451944134138632	2.111212657236631
7	144685000	144686000	7	144702000	144703000	0.029586336645718404	2.111212657236631
7	144801000	144802000	7	144817000	144818000	0.08078151131170044	2.111212657236631
7	145218000	145219000	7	145225000	145226000	0.006106362951637038	2.111212657236631
7	145475000	145476000	7	145486000	145487000	0.09926483998642055	2.111212657236631
7	145491000	145492000	7	145507000	145508000	0.012589240804396504	2.111212657236631
7	145538000	145539000	7	145552000	145553000	0.08078151131170044	2.111212657236631
7	141999000	142000000	7	142015000	142016000	0.08332750778108626	2.599207668339954
7	143124000	143125000	7	143136000	143137000	0.02047611697592196	2.111212657236631
7	143188000	143189000	7	143204000	143205000	0.012263396691449498	2.111212657236631
7	143197000	143198000	7	143211000	143212000	0.051891906619987604	2.111212657236631
7	143888000	143889000	7	143901000	143902000	0.0589102620439114	2.111212657236631
7	143949000	143950000	7	143962000	143963000	0.08012629359498039	2.111212657236631
7	139621000	139622000	7	140003000	140004000	0.0002277351202266187	3.2
7	139646000	139647000	7	140001000	140002000	0.00785010383252269	2.599207668339954
7	140519000	140520000	7	140654000	140655000	0.04542531308822356	2.111212657236631
7	141187000	141188000	7	141200000	141201000	0.063340211603943	2.111212657236631
7	141292000	141293000	7	141311000	141312000	0.08902604224096093	2.111212657236631
7	141913000	141914000	7	141938000	141939000	0.04542531308822356	2.111212657236631
7	137902000	137903000	7	138010000	138011000	0.006681953313444703	3.6758347359905126
7	137904000	137905000	7	138000000	138001000	0.03221545061729049	2.599207668339954
7	138404000	138405000	7	138417000	138418000	0.05801183810727608	2.111212657236631
7	138923000	138924000	7	138940000	138941000	0.06561046032205502	2.111212657236631
7	139119000	139120000	7	139129000	139130000	0.061766194512459884	2.111212657236631
7	139264000	139265000	7	139278000	139279000	0.022451070726202393	2.111212657236631
7	139659000	139660000	7	139670000	139671000	0.01057182042527407	2.111212657236631
7	139663000	139664000	7	139678000	139679000	0.08992212298063906	2.599207668339954
7	139795000	139796000	7	139809000	139810000	0.09503835431153071	2.599207668339954
7	147986000	147987000	7	148001000	148002000	0.02032252633894442	2.111212657236631
7	148153000	148154000	7	148167000	148168000	0.08614598385811235	2.111212657236631
7	148496000	148497000	7	148509000	148510000	0.023886685736104533	2.111212657236631
7	148508000	148509000	7	148525000	148526000	0.044027221736700685	2.599207668339954
7	148659000	148660000	7	148671000	148672000	0.07859557568616021	2.111212657236631
7	148725000	148726000	7	148739000	148740000	0.04138529683157769	2.111212657236631
7	152042000	152043000	7	152054000	152055000	0.0271160929229403	2.111212657236631
7	152109000	152110000	7	152122000	152123000	0.07608599903674226	2.111212657236631
7	152705000	152706000	7	152716000	152717000	0.09170615516993909	2.111212657236631
7	146039000	146040000	7	146050000	146051000	0.03871116154456745	2.111212657236631
7	146340000	146341000	7	146350000	146351000	0.012618510709867557	2.111212657236631
7	146390000	146391000	7	146404000	146405000	0.09879147179145256	2.111212657236631
7	146497000	146498000	7	146513000	146514000	0.09449142416694087	3.6758347359905126
7	146535000	146536000	7	146552000	146553000	0.08403940375926605	2.111212657236631
7	146986000	146987000	7	146999000	147000000	0.07542447294446812	2.111212657236631
7	147123000	147124000	7	147135000	147136000	0.010531626452463728	2.111212657236631
7	147355000	147356000	7	147370000	147371000	0.035632936912749935	2.111212657236631
7	147699000	147700000	7	147714000	147715000	0.03039126531835047	2.111212657236631
7	147820000	147821000	7	147832000	147833000	0.003008374216097568	2.111212657236631
7	150899000	150900000	7	150986000	150987000	0.014211978757407017	2.111212657236631
7	151129000	151130000	7	151150000	151151000	0.06846381288530128	2.111212657236631
7	151138000	151139000	7	151153000	151154000	0.07944851318442228	2.111212657236631
7	151233000	151234000	7	151247000	151248000	0.06482246694804875	2.111212657236631
7	151389000	151390000	7	151402000	151403000	0.055121974970856795	2.111212657236631
7	151397000	151398000	7	151417000	151418000	0.040841356995485315	2.111212657236631
7	151409000	151410000	7	151425000	151426000	0.07634729503554205	2.111212657236631
7	151460000	151461000	7	151474000	151475000	0.08762165998594071	2.111212657236631
7	151605000	151606000	7	151618000	151619000	0.041736114510490384	2.111212657236631
7	151704000	151705000	7	151715000	151716000	0.06940976854997717	2.111212657236631
7	159279000	159280000	7	159288000	159289000	0.03138697080031156	2.111212657236631
7	156026000	156027000	7	156035000	156036000	0.07069457946577125	2.111212657236631
7	156048000	156049000	7	156062000	156063000	0.07170677029646205	2.111212657236631
7	156617000	156618000	7	156632000	156633000	0.057999223626602474	2.111212657236631
7	157163000	157164000	7	157174000	157175000	0.04488680286468745	2.111212657236631
7	157570000	157571000	7	157581000	157582000	0.08234987525786502	2.111212657236631
7	155176000	155177000	7	155189000	155190000	0.04477715375430386	2.111212657236631
7	155225000	155226000	7	155238000	155239000	0.029765402550010017	2.111212657236631
7	155240000	155241000	7	155251000	155252000	0.07182759940594757	2.111212657236631
7	155280000	155281000	7	155294000	155295000	0.02404206171887945	2.111212657236631
7	155312000	155313000	7	155323000	155324000	0.07352103956712572	2.111212657236631
7	155416000	155417000	7	155429000	155430000	0.05154440573545952	2.111212657236631
7	155421000	155422000	7	155435000	155436000	0.039156603331308056	2.111212657236631
7	155466000	155467000	7	155481000	155482000	0.04023360394781031	2.111212657236631
7	155543000	155544000	7	155556000	155557000	0.006046596521422264	2.111212657236631
7	155565000	155566000	7	155583000	155584000	0.036396415257705345	2.111212657236631
7	155575000	155576000	7	155590000	155591000	0.009353566641421153	2.111212657236631
7	155636000	155637000	7	155648000	155649000	0.07741805204003555	2.599207668339954
7	155658000	155659000	7	155669000	155670000	0.001002227346286138	2.111212657236631
7	155681000	155682000	7	155699000	155700000	0.05081158631096045	3.2
7	155694000	155695000	7	155710000	155711000	0.017567500906638212	2.111212657236631
7	155709000	155710000	7	155720000	155721000	0.04911934537012951	2.111212657236631
7	155828000	155829000	7	155844000	155845000	0.034214261519860775	2.111212657236631
7	155868000	155869000	7	155884000	155885000	0.07905363585023877	2.111212657236631
8	16206000	16207000	8	16216000	16217000	0.01769585643090632	2.111212657236631
8	17602000	17603000	8	17699000	17700000	0.0027331144254637563	2.111212657236631
8	11566000	11567000	8	11745000	11746000	0.010163791912243283	2.111212657236631
8	19433000	19434000	8	19441000	19442000	0.01710727611462448	2.111212657236631
8	19870000	19871000	8	20123000	20124000	0.011092402832806603	2.111212657236631
8	32851000	32852000	8	32867000	32868000	0.06156689844596778	2.111212657236631
8	40034000	40035000	8	40201000	40202000	0.03378178011163493	2.111212657236631
8	55256000	55257000	8	55269000	55270000	0.01932423803502963	2.111212657236631
8	55661000	55662000	8	55671000	55672000	0.0966759240082055	2.111212657236631
8	58662000	58663000	8	58676000	58677000	0.07195673816834303	2.111212657236631
8	60538000	60539000	8	60548000	60549000	0.0010236843995045865	2.111212657236631
8	61074000	61075000	8	61087000	61088000	0.053966180633328135	2.111212657236631
8	61348000	61349000	8	61356000	61357000	0.0005241854276953154	2.111212657236631
8	65878000	65879000	8	65893000	65894000	0.07924138126671217	2.111212657236631
8	63444000	63445000	8	63454000	63455000	0.07905844124859555	2.111212657236631
8	69449000	69450000	8	69462000	69463000	0.08684044461302003	2.111212657236631
8	70351000	70352000	8	70364000	70365000	0.04713547098046529	2.111212657236631
8	71456000	71457000	8	71466000	71467000	0.005437310182665514	2.111212657236631
8	71908000	71909000	8	71917000	71918000	0.09990785563204013	2.111212657236631
8	81000000	81001000	8	81234000	81235000	8.689180763105098e-05	2.599207668339954
8	81082000	81083000	8	81096000	81097000	0.08534296247773854	2.111212657236631
8	79933000	79934000	8	79945000	79946000	0.09490444028752042	2.111212657236631
8	84347000	84348000	8	84357000	84358000	0.0001814870293853077	2.111212657236631
8	84568000	84569000	8	84580000	84581000	0.012252455730461137	2.111212657236631
8	84961000	84962000	8	84973000	84974000	0.026114985150012697	2.111212657236631
8	83332000	83333000	8	83342000	83343000	0.026828201779853938	2.111212657236631
8	96414000	96415000	8	96428000	96429000	0.07377320876395294	2.111212657236631
8	92343000	92344000	8	92356000	92357000	0.06968277700960895	2.111212657236631
8	90514000	90515000	8	90532000	90533000	0.09970835512373244	2.111212657236631
8	90778000	90779000	8	90793000	90794000	0.06652339423696474	2.111212657236631
8	104474000	104475000	8	104488000	104489000	0.04129204473596856	2.111212657236631
8	104511000	104512000	8	104761000	104762000	0.060562566744094666	2.111212657236631
8	105348000	105349000	8	105361000	105362000	0.06377227513109837	2.111212657236631
8	108517000	108518000	8	108529000	108530000	0.004732299067763566	2.111212657236631
8	109414000	109415000	8	109430000	109431000	0.08676825656175165	2.111212657236631
8	116939000	116940000	8	116954000	116955000	0.04689341896518678	2.599207668339954
8	119866000	119867000	8	120086000	120087000	0.06683648049056261	2.111212657236631
8	120512000	120513000	8	120524000	120525000	0.014348446076728066	2.111212657236631
8	118361000	118362000	8	118377000	118378000	0.08620155262412997	2.111212657236631
8	119358000	119359000	8	119372000	119373000	0.07404238673344819	2.111212657236631
8	124492000	124493000	8	124504000	124505000	0.07944151662737041	2.111212657236631
8	124810000	124811000	8	124821000	124822000	0.0862588320397773	2.111212657236631
8	125184000	125185000	8	125198000	125199000	0.07944151662737041	2.111212657236631
8	129207000	129208000	8	129223000	129224000	0.05778722798085746	2.111212657236631
8	129424000	129425000	8	129438000	129439000	0.0634207550044776	2.111212657236631
8	129599000	129600000	8	129615000	129616000	0.06840194750592307	2.111212657236631
8	129905000	129906000	8	129917000	129918000	0.0990688773193791	2.111212657236631
8	126247000	126248000	8	126263000	126264000	0.09088347152951061	2.111212657236631
8	126954000	126955000	8	126968000	126969000	0.09572503149747436	2.111212657236631
8	127473000	127474000	8	127485000	127486000	0.09572503149747436	2.599207668339954
8	122088000	122089000	8	122099000	122100000	0.060914378728900244	2.111212657236631
8	122480000	122481000	8	122495000	122496000	0.02480301049493339	2.111212657236631
8	123360000	123361000	8	123373000	123374000	0.06571195365746152	2.111212657236631
8	123872000	123873000	8	123888000	123889000	0.09876478120126606	2.111212657236631
8	123880000	123881000	8	123897000	123898000	0.06279819097925002	2.599207668339954
8	132243000	132244000	8	132257000	132258000	0.02128595152109168	2.111212657236631
8	132874000	132875000	8	133203000	133204000	0.003747663951001107	3.2
8	133210000	133211000	8	133450000	133451000	0.003594150194886759	2.111212657236631
8	133214000	133215000	8	133445000	133446000	0.01985282061841696	2.599207668339954
8	133789000	133790000	8	133800000	133801000	0.027421954831632716	2.111212657236631
8	130096000	130097000	8	130107000	130108000	0.04134582223794665	2.111212657236631
8	131129000	131130000	8	131141000	131142000	0.07933554407094033	2.111212657236631
8	131216000	131217000	8	131225000	131226000	0.018172481597921328	2.111212657236631
8	134301000	134302000	8	134309000	134310000	0.06647882384338724	2.111212657236631
8	134760000	134761000	8	134776000	134777000	0.09038142735744185	2.111212657236631
8	138708000	138709000	8	138718000	138719000	0.09311463037098094	2.111212657236631
8	138744000	138745000	8	138757000	138758000	0.09490717534516975	2.111212657236631
8	139035000	139036000	8	139047000	139048000	0.09735192049610801	2.111212657236631
8	139160000	139161000	8	139172000	139173000	0.018698065305652087	2.111212657236631
8	139274000	139275000	8	139289000	139290000	0.04321047123614026	2.111212657236631
8	139548000	139549000	8	139565000	139566000	0.08019817303982914	2.599207668339954
8	139552000	139553000	8	139570000	139571000	0.09216826311557441	2.111212657236631
9	7923000	7924000	9	7936000	7937000	0.08389564927739307	2.111212657236631
9	8018000	8019000	9	8032000	8033000	0.0024077103819526205	2.111212657236631
9	8104000	8105000	9	8117000	8118000	0.06045165625836426	2.111212657236631
9	8151000	8152000	9	8164000	8165000	0.02280236834978212	2.111212657236631
9	9457000	9458000	9	9472000	9473000	0.08924034087538955	2.111212657236631
9	9707000	9708000	9	9716000	9717000	0.0005477296958206926	2.111212657236631
9	17364000	17365000	9	17377000	17378000	0.060915984316460954	2.111212657236631
9	25824000	25825000	9	25840000	25841000	0.08660445932490678	2.111212657236631
9	25900000	25901000	9	25914000	25915000	0.08677270266257725	2.111212657236631
9	33079000	33080000	9	33224000	33225000	0.030339531693622846	2.111212657236631
9	27153000	27154000	9	27168000	27169000	0.0950840127052842	2.111212657236631
9	71398000	71399000	9	71410000	71411000	0.017435142709461896	2.111212657236631
9	73376000	73377000	9	73387000	73388000	0.0445203035309318	2.111212657236631
9	79460000	79461000	9	79475000	79476000	0.04870999129523118	2.111212657236631
9	95232000	95233000	9	95247000	95248000	0.0737732563941344	2.111212657236631
9	100104000	100105000	9	100116000	100117000	0.048830085063780324	2.111212657236631
9	98671000	98672000	9	98682000	98683000	0.07282844908141312	2.111212657236631
9	98896000	98897000	9	98910000	98911000	0.0669768374108581	2.111212657236631
9	99370000	99371000	9	99386000	99387000	0.07070799997254323	2.111212657236631
9	104561000	104562000	9	104576000	104577000	0.06324436061145593	2.111212657236631
9	104615000	104616000	9	104627000	104628000	0.051175645099511335	2.111212657236631
9	105074000	105075000	9	105087000	105088000	0.03585175534508852	2.599207668339954
9	107015000	107016000	9	107027000	107028000	0.06859358121242402	2.111212657236631
9	113030000	113031000	9	113045000	113046000	0.017940745721898667	2.111212657236631
9	109266000	109267000	9	109281000	109282000	0.0652251242213432	2.111212657236631
9	109498000	109499000	9	109515000	109516000	0.03997904207919036	2.111212657236631
9	109611000	109612000	9	109622000	109623000	0.0926450269923504	2.111212657236631
9	114737000	114738000	9	114908000	114909000	2.476944251539326e-05	2.599207668339954
9	117658000	117659000	9	117671000	117672000	0.02312384044647482	2.111212657236631
9	120180000	120181000	9	120198000	120199000	0.059129898772388466	2.111212657236631
9	121031000	121032000	9	121046000	121047000	0.04506107859720497	2.111212657236631
9	118035000	118036000	9	118049000	118050000	0.07512818305225322	2.111212657236631
9	119673000	119674000	9	119687000	119688000	0.0766948189013535	2.599207668339954
9	119930000	119931000	9	119943000	119944000	0.0711460120909602	2.111212657236631
9	122124000	122125000	9	122350000	122351000	0.00010660082588708209	3.2
9	136489000	136490000	9	136631000	136632000	0.06832317119383344	2.111212657236631
